"","n","time","nrows","package"
"1","50000",1320119168,508716,"fozziejoin"
"2","60000",2001246478,720880,"fozziejoin"
"3","70000",2898287724,973530,"fozziejoin"
"4","80000",4351361209,1262628,"fozziejoin"
"5","90000",5970332720,1586803,"fozziejoin"
"6","1e+05",8430532975,1957789,"fozziejoin"
"7","110000",11256152410,2356937,"fozziejoin"
"8","50000",3024609874,55772,"zoomerjoin"
"9","60000",3853502137,68356,"zoomerjoin"
"10","70000",5039508203,81438,"zoomerjoin"
"11","80000",5393425635,94936,"zoomerjoin"
"12","90000",6125326196,108571,"zoomerjoin"
"13","1e+05",7160762161,122853,"zoomerjoin"
"14","110000",7208398700,137495,"zoomerjoin"
