"n","Time (seconds)","Returned Rows (millions)","package"
"1000",0.004826585,0.001242,"fozziejoin"
"2000",0.0074955998,0.002918,"fozziejoin"
"3000",0.0112872582,0.005136,"fozziejoin"
"4000",0.0148145786,0.007492,"fozziejoin"
"5000",0.0186577974,0.010086,"fozziejoin"
"1000",0.1400681896,0.001242,"zoomerjoin (bandwidth=4)"
"2000",0.2178938996,0.002918,"zoomerjoin (bandwidth=4)"
"3000",0.2306125238,0.005136,"zoomerjoin (bandwidth=4)"
"4000",0.372189706,0.007492,"zoomerjoin (bandwidth=4)"
"5000",0.5026460836,0.010086,"zoomerjoin (bandwidth=4)"
"1000",0.1465991868,0.001224,"zoomerjoin (bandwidth=6)"
"2000",0.2395757202,0.002862,"zoomerjoin (bandwidth=6)"
"3000",0.3229203254,0.004988,"zoomerjoin (bandwidth=6)"
"4000",0.3967657154,0.007278,"zoomerjoin (bandwidth=6)"
"5000",0.394012328,0.009778,"zoomerjoin (bandwidth=6)"
